{
    "explained_variance": {
        "lr": {
            "accuracy": 0.5162838666964471,
            "f1": 0.35158196544261805,
            "recall": 0.5162838666964471,
            "precision": 0.2665490310110348,
            "best_params": {
                "maxIter": 50,
                "regParam": 0.5
            },
            "time": 427.3553032875061
        },
        "dt": {
            "accuracy": 0.5162838666964471,
            "f1": 0.35158196544261805,
            "recall": 0.5162838666964471,
            "precision": 0.2665490310110348,
            "best_params": {
                "maxDepth": 5,
                "minInstancesPerNode": 2
            },
            "time": 449.1996841430664
        },
        "rf": {
            "accuracy": 0.5162838666964471,
            "f1": 0.35158196544261805,
            "recall": 0.5162838666964471,
            "precision": 0.2665490310110348,
            "best_params": {
                "maxDepth": 3,
                "numTrees": 5
            },
            "time": 833.7186510562897
        },
        "gbt": {
            "accuracy": 0.5131208838732814,
            "f1": 0.3480132278564828,
            "recall": 0.5131208838732814,
            "precision": 0.2632930414668975,
            "best_params": {
                "maxDepth": 3,
                "maxIter": 5
            },
            "time": 1588.8743071556091
        },
        "nb": {
            "accuracy": 0.5131208838732814,
            "f1": 0.3480132278564828,
            "recall": 0.5131208838732814,
            "precision": 0.2632930414668975,
            "best_params": {
                "smoothing": 0.1
            },
            "time": 174.92594408988953
        },
        "svm": {
            "accuracy": 0.5024902538839863,
            "f1": 0.3361039508851142,
            "recall": 0.5024902538839863,
            "precision": 0.252496455248393,
            "best_params": {
                "regParam": 0.1
            },
            "time": 621.5727458000183
        }
    },
    "elbow_method": {
        "lr": {
            "accuracy": 0.5049426890114711,
            "f1": 0.3388396396059595,
            "recall": 0.5049426890114711,
            "precision": 0.25496711918613524,
            "best_params": {
                "maxIter": 50,
                "regParam": 0.5
            },
            "time": 427.25872802734375
        },
        "dt": {
            "accuracy": 0.5048305675216078,
            "f1": 0.3402732069609686,
            "recall": 0.5048305675216079,
            "precision": 0.4869397074515608,
            "best_params": {
                "maxDepth": 5,
                "minInstancesPerNode": 2
            },
            "time": 412.2240536212921
        },
        "rf": {
            "accuracy": 0.5049426890114711,
            "f1": 0.3388396396059595,
            "recall": 0.5049426890114711,
            "precision": 0.25496711918613524,
            "best_params": {
                "maxDepth": 3,
                "numTrees": 5
            },
            "time": 769.1894121170044
        },
        "gbt": {
            "accuracy": 0.5010500266511002,
            "f1": 0.3381705960229433,
            "recall": 0.5010500266511001,
            "precision": 0.4962513533115974,
            "best_params": {
                "maxDepth": 3,
                "maxIter": 5
            },
            "time": 1361.915586233139
        },
        "nb": {
            "accuracy": 0.5011221047517266,
            "f1": 0.33458086197769266,
            "recall": 0.5011221047517266,
            "precision": 0.25112336387080036,
            "best_params": {
                "smoothing": 0.1
            },
            "time": 158.96678376197815
        },
        "svm": {
            "accuracy": 0.5011221047517266,
            "f1": 0.33458086197769266,
            "recall": 0.5011221047517266,
            "precision": 0.25112336387080036,
            "best_params": {
                "regParam": 0.1
            },
            "time": 520.4136691093445
        }
    },
    "no_compound_features": {
        "lr": {
            "accuracy": 0.5014224301710031,
            "f1": 0.3349150091622898,
            "recall": 0.5014224301710031,
            "precision": 0.2514244534785945,
            "best_params": {
                "maxIter": 50,
                "regParam": 0.01
            },
            "time": 379.0405099391937
        },
        "dt": {
            "accuracy": 0.5004711772133539,
            "f1": 0.376574578304713,
            "recall": 0.5004711772133539,
            "precision": 0.4961496895321019,
            "best_params": {
                "maxDepth": 5,
                "minInstancesPerNode": 2
            },
            "time": 419.25700211524963
        },
        "rf": {
            "accuracy": 0.5013005202971041,
            "f1": 0.34658319110424995,
            "recall": 0.5013005202971041,
            "precision": 0.4984792231192932,
            "best_params": {
                "maxDepth": 3,
                "numTrees": 5
            },
            "time": 757.321204662323
        },
        "gbt": {
            "accuracy": 0.5013374492005115,
            "f1": 0.33950196711443437,
            "recall": 0.5013374492005115,
            "precision": 0.49673737522755845,
            "best_params": {
                "maxDepth": 3,
                "maxIter": 5
            },
            "time": 1464.6715898513794
        },
        "nb": {
            "accuracy": 0.5014224301710031,
            "f1": 0.3349150091622898,
            "recall": 0.5014224301710031,
            "precision": 0.2514244534785945,
            "best_params": {
                "smoothing": 0.1
            },
            "time": 160.65238690376282
        },
        "svm": {
            "accuracy": 0.5014224301710031,
            "f1": 0.3349150091622898,
            "recall": 0.5014224301710031,
            "precision": 0.2514244534785945,
            "best_params": {
                "regParam": 0.01
            },
            "time": 549.9547960758209
        }
    }
}